item,rank,ctr_train,alpha_K2_formula_G16,alpha_K2_formula_G64,alpha_K2_formula_G256,alpha_ext_G16,never_kept_G16,alpha_ext_G64,never_kept_G64,alpha_ext_G256,never_kept_G256
35,1,0.007910863509749304,0.0,0.0,0.0,0.02,False,0.02,False,0.05,False
41,2,0.007103954534690978,0.038803208024922445,0.025868805349948298,0.019401604012461222,0.03890310888158992,False,0.026034316077620672,False,0.05,False
48,3,0.006506565716313735,0.07048472924012412,0.04698981949341608,0.03524236462006206,0.07577512815706845,False,0.048318188587496314,False,0.05,False
38,4,0.006047889410022217,0.09685085536953364,0.06456723691302244,0.04842542768476682,0.1124178389745616,False,0.06867251301929478,False,0.05,False
63,5,0.005995618586417618,0.09998164299100491,0.06665442866066994,0.049990821495502456,0.11710342469824339,False,0.07126182397467551,False,0.051422867807449514,False
43,6,0.005944596361907027,0.10306408156644523,0.0687093877109635,0.05153204078322261,0.12255113635610076,False,0.07381114795881843,False,0.05339858290039306,False
61,7,0.005923225879940768,0.10436301919163364,0.06957534612775576,0.05218150959581682,0.12544015515839588,False,0.07488543143949589,False,0.054231147964730275,False
34,8,0.005901411710252257,0.10569376738128602,0.07046251158752402,0.05284688369064301,0.12839992510151993,False,0.07598602377692812,False,0.05508410227958733,False
47,9,0.005888347865473899,0.10649306916811288,0.0709953794454086,0.05324653458405644,0.1301776839762134,False,0.0766470845461394,False,0.05559642152469195,False
60,10,0.005880880880880881,0.10695072800542176,0.07130048533694784,0.05347536400271088,0.13119558118727478,False,0.07702559027202882,False,0.055889761829830416,False
42,11,0.005819366852886406,0.11074324602939847,0.07382883068626565,0.05537162301469924,0.13963067126923587,False,0.08020573404912275,False,0.058320608355024055,False
37,12,0.005655468838366701,0.12104713799433439,0.08069809199622292,0.060523568997167196,0.1701186221887245,False,0.09101585024808227,False,0.06492497511625839,False
39,13,0.00538704766366085,0.13858508765517405,0.09239005843678272,0.06929254382758702,0.23223301203788282,False,0.11071020329431759,False,0.0761660723826515,False
18,14,0.0050920910075839656,0.1588942441906013,0.10592949612706754,0.07944712209530065,0.31820242393527887,False,0.13649996107014253,False,0.08918339814923795,False
58,15,0.005069708491761723,0.16048309648009115,0.10698873098672744,0.08024154824004558,0.3258430922071485,False,0.13859307889277803,False,0.0902017864713329,False
77,16,0.004967602591792656,0.167821354499373,0.111880902999582,0.0839106772496865,0.36309572995654493,False,0.14932915506233385,False,0.0949053050556534,False
49,17,0.004965357967667437,0.16798436270472386,0.11198957513648258,0.08399218135236193,0.3640131976411819,False,0.14957168445520097,False,0.09500978654448208,False
45,18,0.004846335697399527,0.17673520982403362,0.11782347321602243,0.08836760491201681,0.4148820344725169,False,0.16287748682608066,False,0.10082347750381686,False
78,19,0.004820126969198213,0.17869100772864652,0.11912733848576436,0.08934550386432326,0.42716326529070336,False,0.16610851037532032,False,0.10249193138962019,False
36,20,0.004642071829953579,0.1922665834766014,0.12817772231773428,0.0961332917383007,0.5196709938672586,False,0.1892069409207109,False,0.1140729961076422,False
31,21,0.004639832966013223,0.19244057782569343,0.12829371855046232,0.09622028891284672,0.5209849680476102,False,0.1895169887455393,False,0.11422142736793031,False
59,22,0.0045625641610585145,0.19849758341182822,0.13233172227455214,0.09924879170591411,0.5686782528978129,False,0.200337985359651,False,0.1193885432967716,False
11,23,0.004499171205304286,0.20354397856615564,0.13569598571077043,0.10177198928307782,0.6112572944748761,False,0.21013517705288934,False,0.12369352674351652,False
62,24,0.004416037187681581,0.21027071484772164,0.14018047656514776,0.10513535742386082,0.6724911472619126,False,0.22339357791681114,False,0.12943197715359342,False
51,25,0.004314868804664723,0.2186296215563733,0.14575308103758222,0.10931481077818665,0.755575095061432,False,0.24067897205730523,False,0.1365628010215526,False
7,26,0.004274985557481225,0.22197890863298933,0.14798593908865956,0.11098945431649467,0.7916382427810715,False,0.24809478365527024,False,0.1394200139393449,False
44,27,0.004260218767990789,0.22322691596892788,0.14881794397928524,0.11161345798446394,0.805741071296043,False,0.250858054484103,False,0.1404846651920366,False
69,28,0.004145658263305322,0.23305849602044518,0.1553723306802968,0.11652924801022259,0.9265195907095508,False,0.2733044490654473,False,0.14887179859771843,False
16,29,0.004094046087261668,0.23757695937302073,0.15838463958201382,0.11878847968651036,0.9877476905161342,False,0.28410679951206397,False,0.15330608837104814,False
57,30,0.0040923041946117995,0.23773044779210387,0.15848696519473593,0.11886522389605193,0.9899489818603775,False,0.2844891652372579,False,0.15346486573209087,False
65,31,0.0039002481976125754,0.25506731145164635,0.17004487430109758,0.12753365572582318,1.2707863314687882,False,0.3288497609309393,False,0.17139912733347365,False
50,32,0.003848003848003848,0.259931234691319,0.17328748979421268,0.1299656173456595,1.3631288496408884,False,0.3418612225542237,False,0.17643065284479792,False
79,33,0.0038340885325897525,0.2612378825095683,0.1741585883397122,0.13061894125478415,1.3898743390847172,False,0.3455298560814409,False,0.1777823254571887,False
66,34,0.0036200087757788505,0.2819604964534374,0.1879736643022916,0.1409802482267187,1.9126232453162626,False,0.4055172512571838,False,0.19921900436475207,False
6,35,0.0035937862276837467,0.28458264656363286,0.18972176437575525,0.14229132328181643,1.9968571019960681,False,0.41351478935155334,False,0.2022024936680554,False
22,36,0.003589053387169134,0.2850579492916646,0.19003863286110975,0.1425289746458323,2.0132036866695855,False,0.41496445909357604,False,0.20276315572636505,False
0,37,0.003565267395054629,0.2874562244284951,0.1916374829523301,0.14372811221424756,2.1006503080777765,False,0.4224203545447875,False,0.20559213564864776,False
52,38,0.0034924330616996507,0.2949006790810534,0.19660045272070226,0.1474503395405267,2.4221517780564468,False,0.4467942060371815,False,0.21437353542259835,False
72,39,0.0034886338059869457,0.29529325288250874,0.19686216858833916,0.14764662644125437,2.4417905474965274,False,0.4481167009251754,False,0.21483661131630033,False
53,40,0.0032995234021752414,0.3153943825831745,0.21026292172211633,0.15769719129158724,inf,False,0.5183374712921862,False,0.23854769077715945,False
8,41,0.0032939572921399365,0.3160033326677228,0.21066888844514853,0.1580016663338614,inf,False,0.5205407609266617,False,0.23926600184014132,False
30,42,0.0031681375876895226,0.33005004740157684,0.22003336493438458,0.16502502370078842,inf,True,0.573900676190573,False,0.25636801858385416,False
64,43,0.0031297090529732235,0.3344516585957931,0.22296777239719542,0.16722582929789656,inf,True,0.591306095131865,False,0.2620340552971763,False
55,44,0.002953482648289441,0.35535451110420946,0.23690300740280631,0.17767725555210473,inf,True,0.6781330091775479,False,0.28894154996219196,False
19,45,0.002877863474156786,0.36470925708003554,0.2431395047200237,0.18235462854001777,inf,True,0.7192958874044619,False,0.3010512909024125,False
32,46,0.002786485545106235,0.376347127778522,0.2508980851856813,0.188173563889261,inf,True,0.7730128720167524,False,0.3170636181964102,False
76,47,0.002726410621147463,0.3842080799108963,0.2561387199405975,0.19210403995544814,inf,True,0.8108868594083593,False,0.3278793543088934,False
5,48,0.0026765972303037355,0.39085877987466927,0.2605725199164462,0.19542938993733464,inf,True,0.844120061200877,False,0.33702992723697783,False
46,49,0.0025507246376811595,0.40823200467746623,0.27215466978497754,0.20411600233873312,inf,True,0.9358671367927737,False,0.36157309993598846,False
71,50,0.002476123098691192,0.41893803542011937,0.27929202361341293,0.20946901771005969,inf,True,0.9960311098538723,False,0.37716514481861335,False
26,51,0.0024656569214512153,0.42046577689342346,0.28031051792894895,0.21023288844671173,inf,True,1.0049506709414955,False,0.3793901163503973,False
9,52,0.0023983554134307905,0.430447428077273,0.28696495205151534,0.2152237140386365,inf,True,1.0653603022134885,False,0.3939271896133426,False
14,53,0.0023741690408357074,0.4341031305113151,0.28940208700754344,0.21705156525565755,inf,True,1.0884909768406363,False,0.3992512801002137,False
33,54,0.0023702031602708803,0.4347061141426316,0.28980407609508774,0.2173530570713158,inf,True,1.0923834397548113,False,0.4001379809795472,False
68,55,0.0022797218739313806,0.44874433855957524,0.2991628923730502,0.22437216927978762,inf,True,1.1873371579642107,False,0.4219297916637494,False
21,56,0.0022479886417415998,0.45380010859956527,0.30253340573304355,0.22690005429978263,inf,True,1.2235180435873283,False,0.42977796250801575,False
24,57,0.002227432590855803,0.45711335216724325,0.3047422347781622,0.22855667608362162,inf,True,1.2481292004370308,False,0.4349211753840217,False
67,58,0.002113172106128199,0.4761062272537328,0.3174041515024886,0.2380531136268664,inf,True,1.3992777816852155,False,0.4651381723323635,False
75,59,0.0020826102047900035,0.48136058508640506,0.32090705672427006,0.24068029254320253,inf,True,1.4446078885229396,False,0.473710237544636,False
29,60,0.0020708697653014268,0.4833995884114691,0.3222663922743128,0.24169979420573456,inf,True,1.4627874792071174,False,0.47703670864293185,False
3,61,0.002002827521206409,0.49544924889283287,0.33029949926188856,0.24772462444641644,inf,True,1.5768015919372738,False,0.4966947674812016,False
73,62,0.0018896893823077833,0.5164215174079841,0.34428101160532276,0.25821075870399207,inf,True,1.8019385933728311,False,0.5322457109075247,False
28,63,0.0018303843807199512,0.5279221335713022,0.35194808904753483,0.2639610667856511,inf,True,1.943727705745105,False,0.5518852405797772,False
1,64,0.0017273146015660986,0.548826077728383,0.36588405181892203,0.2744130388641915,inf,True,2.2476224368991518,False,0.5887536224305852,False
25,65,0.0016670635865682305,0.5616315116710797,0.37442100778071985,0.28081575583553986,inf,True,2.474624685714425,False,0.611743988449827,False
12,66,0.0016209331943962024,0.5717526370334732,0.38116842468898215,0.2858763185167366,inf,True,2.686982444535516,False,0.6302328374401299,False
13,67,0.0015782445064950832,0.581378612786965,0.3875857418579767,0.2906893063934825,inf,True,2.9273882377485623,False,0.6478171678103397,False
2,68,0.0015056752374334027,0.598356138806817,0.398904092537878,0.2991780694034085,inf,True,3.4987587036791967,False,0.6799103347699149,False
56,69,0.0014863937800137206,0.6030047027117553,0.40200313514117025,0.30150235135587766,inf,True,3.710417078216938,False,0.688720040422176,False
10,70,0.0014568410829185383,0.610247917141949,0.4068319447612994,0.3051239585709745,inf,True,inf,False,0.7025410923048291,False
15,71,0.0013863216266173752,0.6281432947531412,0.41876219650209423,0.3140716473765706,inf,True,inf,False,0.7377597084511707,False
40,72,0.0013678331243588283,0.6329857371011269,0.4219904914007513,0.31649286855056347,inf,True,inf,True,0.7472897738104973,False
20,73,0.001364101398203933,0.633971072972393,0.42264738198159535,0.3169855364861965,inf,True,inf,True,0.7492289430518129,False
74,74,0.0013264198721813579,0.6440744135664965,0.42938294237766433,0.32203720678324826,inf,True,inf,True,0.769971994311322,False
23,75,0.0013000827325375251,0.6513079366319354,0.43420529108795697,0.3256539683159677,inf,True,inf,True,0.7848478787301365,False
17,76,0.0012067093037287317,0.6781892519640768,0.4521261679760512,0.3390946259820384,inf,True,inf,True,0.8413403475420101,False
27,77,0.0011793843613633684,0.6864503028264843,0.45763353521765626,0.34322515141324217,inf,True,inf,True,0.8591391552705852,False
4,78,0.0011344299489506524,0.7004669138067718,0.46697794253784797,0.3502334569033859,inf,True,inf,True,0.8898326525733025,False
54,79,0.0011141371626640258,0.70697708129192,0.47131805419461337,0.35348854064596,inf,True,inf,True,0.9042288339100159,False
70,80,0.001055223355610271,0.7265716947158194,0.4843811298105463,0.3632858473579097,inf,True,inf,True,0.9486089095812386,False
