item,rank,n,clicks,ctr,ci_lo,ci_hi,ctr_first_half,ctr_second_half,P_best
36,1,18725,146,0.007797062750333778,0.0066342847766635935,0.009161758903902322,0.010119979134063642,0.005361050328227571,0.33575
2,2,19369,148,0.007641075946099437,0.006508601602322571,0.008968818086072548,0.007463460143049653,0.00781732153877803,0.2412
26,3,18680,137,0.007334047109207709,0.006207679633755234,0.008663009486195342,0.006032384379299397,0.008666450005416531,0.11895
34,4,18845,137,0.007269832846908995,0.006153299431232475,0.008587213853148885,0.007466666666666667,0.007074973600844773,0.0972
24,5,18689,135,0.007223500454812992,0.006106557065654803,0.008542986639888608,0.007127362875735978,0.007326820603907638,0.088
21,6,19457,136,0.006989772318445804,0.005912521574096999,0.00826166501401027,0.008200212992545261,0.0058607330883083345,0.0413
16,7,18087,122,0.006745176093326699,0.005652567162397868,0.008047270881621046,0.005509641873278237,0.007989347536617843,0.02255
10,8,18544,124,0.006686798964624676,0.005611629605271043,0.007966316844303984,0.005971158179360072,0.0073438146462556884,0.01635
14,9,18155,121,0.0066648306251721285,0.005581142815035445,0.007957253819252065,0.0059068037628527675,0.007433706867857539,0.0163
22,10,18772,123,0.006552311953974004,0.00549481114002945,0.007811734863213354,0.005211220756181395,0.0077924741105300935,0.00905
38,11,19085,125,0.006549646319098768,0.005500329432933271,0.007797575454076741,0.005612722170252572,0.0075021132713440405,0.01045
33,12,18922,116,0.006130430187083818,0.005114080890497355,0.007347272479383963,0.004697843262865684,0.007534533277521975,0.0016
13,13,18698,114,0.006096908760295219,0.005078076658690916,0.0073186490199181895,0.005312804944161336,0.006860158311345646,0.0008
18,14,18442,108,0.005856197809348227,0.004853179586254339,0.007065040507319488,0.005751411225902652,0.005964873522589197,0.00045
35,15,19159,107,0.005584842632705256,0.004624160627452046,0.006743756748643156,0.007230965546575925,0.003997949769349052,5e-05
25,16,18412,99,0.005376928090375842,0.004418854695341036,0.0065413612092093155,0.005064406033248927,0.005681209132811662,0.0
45,17,18794,99,0.005267638608066404,0.004329000451840735,0.006408487622321993,0.0062812732886191845,0.004254866503563451,0.0
20,18,18881,96,0.005084476457814734,0.004165754798276115,0.006204551934929419,0.00428921568627451,0.005941247662009022,0.0
3,19,18468,93,0.0050357374918778425,0.0041127087757396805,0.006164642238357365,0.00394174969889412,0.006106052490626674,0.0
41,20,18815,93,0.004942864735583311,0.004036828157676241,0.006051019119809745,0.004905542218975055,0.004981589776911414,0.0
37,21,18943,92,0.004856675289024969,0.003962071405630644,0.005952066473687457,0.005274818018778352,0.004437869822485207,0.0
12,22,18569,90,0.004846787656847434,0.003945144111874963,0.005953265833106209,0.005057167985927881,0.004644779900770611,0.0
39,23,19077,92,0.004822561199350003,0.003934230005754696,0.005910283351559692,0.0040565841481173285,0.0056007608580788334,0.0
5,24,18302,88,0.004808217681127745,0.0039046730966415897,0.0059196007023843995,0.0037938665823585203,0.005900374446839896,0.0
23,25,18971,91,0.00479679510832323,0.003908852050722956,0.005885253424181246,0.003509496284062758,0.006140256382634924,0.0
44,26,19007,89,0.004682485400115747,0.0038069754786986087,0.005758177070886571,0.004842105263157895,0.004522983065109919,0.0
27,27,18320,84,0.004585152838427947,0.0037053201171907612,0.005672713362426308,0.006167496212940922,0.002974223397224058,0.0
9,28,18671,85,0.004552514594826201,0.0036835461771557816,0.0056253199285679735,0.006632434745400086,0.0024670170545961602,0.0
17,29,19352,85,0.004392310872261265,0.0035538727923242483,0.005427477830011904,0.004877542548775426,0.003911074516261836,0.0
6,30,18346,79,0.004306115774555762,0.0034567975990303316,0.005362984256743291,0.004462342185459295,0.004149377593360996,0.0
0,31,18711,77,0.00411522633744856,0.003294184937281962,0.0051398485091993604,0.004611260053619303,0.0036224163647986364,0.0
40,32,18539,70,0.0037758239387237717,0.002989883180077348,0.004767374477778068,0.002687016337059329,0.004872766648619383,0.0
30,33,19113,68,0.0035577878930570816,0.00280763248634368,0.0045074670957964994,0.0037243947858473,0.0033873187255213295,0.0
19,34,18893,67,0.00354628698459747,0.0027936521870521288,0.004500773141675821,0.003663003663003663,0.0034268579995716426,0.0
7,35,19104,64,0.0033500837520938024,0.002624560191748745,0.004275308603479283,0.0026533644661430695,0.004028093369138608,0.0
42,36,18718,60,0.00320547066994337,0.0024913061870203827,0.004123513158529469,0.0029975377368590085,0.003412605310867015,0.0
28,37,19048,61,0.0032024359512809746,0.002494090337887254,0.00411112939058246,0.0035609551738583997,0.002842105263157895,0.0
15,38,19511,60,0.0030751883552867613,0.0023900197648953087,0.003956001511546924,0.0030577815267819487,0.003091652538147003,0.0
32,39,18986,57,0.003002212156325714,0.0023181354859158577,0.003887371778557586,0.0031360647445624686,0.0028568289198989123,0.0
11,40,18568,55,0.002962085308056872,0.002276567337575227,0.003853228643454463,0.0031998234580161095,0.0027354024197790636,0.0
8,41,18855,54,0.002863961813842482,0.002195826439438137,0.0037346332553927484,0.0031598904571308196,0.0025638286507851725,0.0
4,42,18975,52,0.0027404479578392624,0.002090555371132677,0.003591646012538706,0.0022614688778806805,0.0031995045928372382,0.0
43,43,18312,48,0.002621231979030144,0.0019777403107324645,0.0034733660146247063,0.003160074098289201,0.002079912424740011,0.0
1,44,18630,43,0.0023081052066559315,0.0017140942418067567,0.0031073270157400503,0.00256547300908605,0.0020485175202156333,0.0
31,45,18795,38,0.0020218143123171056,0.001473435908968702,0.0027737194051119275,0.0023650827778972264,0.0016854524386389971,0.0
29,46,19270,35,0.0018162947586922678,0.0013063126575773008,0.0025248696013865793,0.0019830915353303414,0.0016513572092063165,0.0
