tag,campaign,split,mode,variant,alpha,G,J,h,T,seeds,seconds,frac_collapsed,maxp_median,H_mean,H_sd,eff_items_mean,kept_median,kept_min,kept_max,kept_1e-4_median,l1_target_mean,l1_ctrprop_mean,ctr_train_mean,ctr_train_sd,ctr_test_mean,ctr_test_sd,ctr_test_p10,ctr_test_p90,ctr_test_stat_se,online_ctr,recall_test_top5,mass_test_top10,l1_mf_inf_mean,l1_mf_T_mean,l1_seedmean_mf_T,l1_seedmean_mf_inf,kept_mf_T,kept_mf_inf,support_mf_inf,H_mf_T,H_mf_inf,ctr_train_mf_T,ctr_test_mf_inf
all_A_click_plain_a0_G16_J0.1,all,A,click,plain,0.0,16,0.1,1.6,100000,100,43.60779047012329,1.0,0.9974763152421431,0.007521540901457024,0.0038690917033220393,1.0336594838863207,1.0,1,3,3.0,0.8223133834433218,1.9394511146925084,0.007433499019755164,0.0006446509359745886,0.0059278835566788325,0.001395471607995116,0.003881854257062296,0.0069329021801739785,0.0008249947287849187,0.007443099999999783,0.12799999999999997,0.6391022310288151,0.8223133834433218,0.8186839873710499,0.8176871174530694,0.8223133834433217,1,1,1,0.005966612134113753,-0.0,0.007902230033929489,0.006937799043062201
all_A_click_plain_a0.25_G16_J0.1,all,A,click,plain,0.25,16,0.1,0.8,1000000,32,281.43816089630127,0.0,0.35402195369605954,0.43434250256524953,0.028285286115309033,6.757967549887905,10.0,6,12,28.0,1.0098239975692525,1.576204344909168,0.0069296552002001115,6.589867842704556e-05,0.005721344957661899,0.00014539370762926647,0.005543843792531365,0.005906303403384534,0.0003823503347695461,0.00693378125,0.43125,0.5368069706272445,0.36783553913459077,0.344204019635426,0.22824030071902368,0.24827944925777584,12,13,13,0.5039631653389083,0.5080019329822388,0.006764188778856979,0.005683501324171568
all_A_click_plain_a0.5_G16_J0.1,all,A,click,plain,0.5,16,0.1,0.4,1000000,32,292.2721514701843,0.0,0.1665250963758541,0.6030448793842688,0.010083192288832908,14.062941877159231,19.0,14,23,47.0,1.0611818544887934,1.3334587202551,0.006360253184326299,2.8232756086531746e-05,0.005604035926652068,6.744335330540017e-05,0.005515848936523585,0.005690847488983513,0.00024041264161208596,0.0063647890625,0.7437499999999999,0.42635534996995117,0.17641900031963847,0.13853482536422745,0.046374857181152036,0.0936591102534978,19,19,19,0.607824697978733,0.6166384882383027,0.006352792336175489,0.005608934701897508
all_A_click_plain_a0.75_G16_J0.1,all,A,click,plain,0.75,16,0.1,0.2,1000000,32,287.0125677585602,0.0,0.12530140426775793,0.6666365867594928,0.009095793706188392,18.5786775925303,24.5,20,28,65.0,1.075157984194554,1.1765558343882878,0.006123620063712166,3.077259716241971e-05,0.005516109639673095,5.516808154377807e-05,0.005450017965849299,0.005574605579531921,0.00020757412677758211,0.0061174921875,0.8125,0.4006451094691449,0.172527887191178,0.1461746421556352,0.06684174234194917,0.09630405029124427,24,24,24,0.6761449635162764,0.6731543215424964,0.006094716388703567,0.005468667962349441
all_A_click_plain_a1_G16_J0.1,all,A,click,plain,1.0,16,0.1,0.1,1000000,32,255.2781982421875,0.0,0.10009950576873376,0.7073040533721366,0.008608782371622365,22.200905837787907,28.5,23,34,75.0,1.0618814694383438,1.061881469438344,0.005950716835370585,2.9801306357628344e-05,0.005410689399059678,7.83353456103527e-05,0.005322337696445956,0.00550690952979399,0.00018781360528033873,0.0059553828125,0.8187500000000001,0.3779244490832402,0.15483291415847383,0.1380901372220975,0.04972089113879607,0.07439134239696608,30,28,30,0.7155406810530911,0.7090327020868514,0.005930845884695052,0.0053777891507132474
all_A_click_plain_a1.5_G16_J0.1,all,A,click,plain,1.5,16,0.1,0.025,1000000,32,250.98358368873596,0.0,0.08143354933055653,0.7489434264318735,0.006827569204117287,26.63799440014125,33.0,30,35,80.0,1.0532073598265985,0.9357065714829309,0.005758464973483123,2.5365378200913663e-05,0.0052509743007771465,5.2068607946778996e-05,0.005177976164517353,0.005324473017496883,0.0001687350415086979,0.0057628515625,0.90625,0.34158738287867024,0.14756257540535803,0.13228875552819114,0.04652698809410062,0.06991009324129357,33,33,33,0.7582467617525963,0.7473160367700996,0.005733499514341965,0.0052522172710859115
all_A_click_plain_a2_G16_J0.1,all,A,click,plain,2.0,16,0.1,0.00625,1000000,32,241.65141201019287,0.0,0.07260196147240983,0.7756014852803363,0.005607077838679947,29.93438249808926,37.0,34,40,80.0,1.0270722533658194,0.8450776002615573,0.0056332653949184765,2.2345221220840766e-05,0.005187963319844064,3.966623745898296e-05,0.00513524103986195,0.005224919703507554,0.00015857870187804607,0.0056342578125,0.9624999999999999,0.33078428245425306,0.1439748081141835,0.1286577175529438,0.04130679152594445,0.06339879762701048,37,33,35,0.7791135408705179,0.7644134297629603,0.005624467846099305,0.005194604088199633
all_A_click_plain_a3_G16_J0.1,all,A,click,plain,3.0,16,0.1,0.000390625,1000000,32,239.43563151359558,0.0,0.06388996048576873,0.7957889346773234,0.005354585228886679,32.70226271588919,39.0,37,41,80.0,1.0299783839143173,0.7772248729174949,0.005519738444227655,2.6724408036668368e-05,0.005106912269583664,5.139153588752789e-05,0.005045288898181018,0.005173799201743306,0.00014994483795691805,0.0055185,1.0,0.31534852265568797,0.13687480437030003,0.12254976734030112,0.02968967876454727,0.05073732654592221,41,39,39,0.799582966830917,0.7884413457240602,0.00551364124598424,0.005112531263812415
all_A_click_plain_a0_G64_J0.1,all,A,click,plain,0.0,64,0.1,6.4,100000,100,69.0440936088562,1.0,0.9994074862332931,0.002019020256853236,0.001210433798595433,1.0089009571813894,1.0,1,2,1.0,0.9604918643761222,1.945311608978374,0.007292621925640006,0.0007401690287757875,0.005849974943853138,0.001455052428211083,0.0038810345028416973,0.006936608635904035,0.0008211572250145247,0.007288556249999801,0.10999999999999996,0.619781582811243,0.9604918643761222,0.9596562187826162,0.9594946827799636,0.9604918643761222,1,1,1,0.0014607972600239973,-0.0,0.007909002598615643,0.006937799043062201
all_A_click_plain_a0.25_G64_J0.1,all,A,click,plain,0.25,64,0.1,2.2627416997969525,1000000,32,464.5553689002991,0.0,0.19321319946910895,0.6273341821265104,0.008949749902770913,15.63891702377039,22.0,19,26,32.0,0.4664663702500581,1.201426397341814,0.006353805184065614,2.679537333593176e-05,0.005597655073793445,4.5400882066442415e-05,0.0055292420574907354,0.005642754191470734,0.00024353462531434417,0.006350181640625,0.7937500000000001,0.4443482637447039,0.11353463466147047,0.10504719280128774,0.06072641847879433,0.07187881200939113,23,25,26,0.6450459758786732,0.6454384205630492,0.0062918225256257,0.005546411278239611
all_A_click_plain_a0.5_G64_J0.1,all,A,click,plain,0.5,64,0.1,0.8,1000000,32,469.2124876976013,0.0,0.08607286909173067,0.7711049225785721,0.0033399437853852323,29.344620931269432,36.5,33,41,50.0,0.4982138437099094,0.8162481536920837,0.005684022481415808,1.327227517531419e-05,0.0051983377387788115,2.6959242840744608e-05,0.005168100360471427,0.005236615276380351,0.00016123602807546555,0.00568791796875,0.9875,0.3373192999087391,0.0831773442828121,0.07674664138911944,0.03661835176866933,0.047493839983148545,39,39,39,0.7800712181329064,0.7770343876462854,0.0056463174722470475,0.005174003327736086
all_A_click_plain_a0.75_G64_J0.1,all,A,click,plain,0.75,64,0.1,0.28284271247461906,1000000,32,470.37293767929077,0.0,0.05950826915673223,0.8268473178821694,0.001978355490848868,37.46115473051712,44.0,42,47,63.0,0.506492692168107,0.623650458462587,0.005356009063574909,1.0271065179809687e-05,0.004985166103047829,1.9796125764123292e-05,0.0049585358045733195,0.005011295970437917,0.00013755631463422777,0.00535928515625,1.0,0.2987391221892314,0.06770566340695099,0.06337894924322193,0.024739713451985446,0.03204714463996628,44,44,45,0.8315290321159703,0.8256116335602456,0.005329662343675332,0.00497450800439457
all_A_click_plain_a1_G64_J0.1,all,A,click,plain,1.0,64,0.1,0.1,1000000,32,462.8952522277832,0.0,0.04824424481665616,0.8554932024011652,0.00213531663023241,42.471691160682504,48.0,46,53,72.0,0.5155711849272946,0.5155711849272946,0.0051583914991163785,1.0676603734078163e-05,0.004852490225462469,1.5114671943539097e-05,0.0048338563648288625,0.0048693844396375556,0.00012631423185459367,0.00516440234375,1.0,0.2771103708301188,0.05925360930379321,0.054273564925317624,0.019264651647930005,0.027904031886845496,48,49,50,0.8592151920365934,0.8519464410848229,0.005137059946462318,0.00484746050248903
all_A_click_plain_a1.5_G64_J0.1,all,A,click,plain,1.5,64,0.1,0.0125,1000000,32,500.20890951156616,0.0,0.03844458521483031,0.8905823308373464,0.002079765843781121,49.53091387458167,57.5,54,60,80.0,0.5100456597379289,0.3845079244690158,0.004904929926569596,1.161435749513639e-05,0.004667771714881289,1.534658518559419e-05,0.004649619514409054,0.0046882088775035595,0.00011435922345050893,0.004905650390625,1.0,0.24973342874134363,0.06225856982692475,0.057842236093577894,0.019967114519155973,0.027337787300229198,58,57,60,0.8948468786762165,0.8890437801462555,0.004880928393172593,0.004660111222239676
all_A_click_plain_a2_G64_J0.1,all,A,click,plain,2.0,64,0.1,0.0015625,1000000,32,503.07003355026245,0.0,0.03398850992913774,0.9103774773369271,0.0022038201660514265,54.01949169652765,61.0,59,65,80.0,0.49298638951110674,0.3024634487722165,0.004749639996916374,1.454184174169044e-05,0.004554316321827357,1.5478385134304378e-05,0.004532701754350448,0.0045739455847365424,0.00010800979591642305,0.0047533671875,1.0,0.2341157724578426,0.05678892292882069,0.05262000792950406,0.01632574081545025,0.023281295482062266,62,61,63,0.9139574100263057,0.9080436804177577,0.00472726474204755,0.004547184906761399
all_A_click_plain_a3_G64_J0.1,all,A,click,plain,3.0,64,0.1,2.44140625e-05,1000000,32,504.6701912879944,0.0,0.029930732342687873,0.9295353637581371,0.001191576356190098,58.74830857703069,66.0,63,68,80.0,0.4745956107488325,0.21966277692132405,0.004586558788422075,9.53196503436423e-06,0.004430818777751673,1.406705322982651e-05,0.004416725061402651,0.004443772840032644,0.0001019547898877157,0.004592646484375,1.0,0.21811502732515728,0.05862921738703565,0.05357447944537275,0.012345275586840398,0.020961791927402208,66,65,67,0.9311191453838431,0.9247080451446515,0.004575229905113377,0.004438191300349403
all_A_click_plain_a0_G256_J0.1,all,A,click,plain,0.0,256,0.1,25.6,100000,100,261.56423258781433,1.0,0.9998746535200795,0.000504228133106304,0.0004565979888151156,1.0022140004886386,1.0,1,2,1.0,0.6202145534023018,1.9441216165850532,0.007617114552594387,0.00048548695415345984,0.006034742598368067,0.0013744035149380694,0.003880905082712966,0.006937533567118382,0.0008356377198987547,0.0076165875000000355,0.13799999999999996,0.6999142729975375,0.6202145534023018,0.6200256629933366,0.6199738256433636,0.6202145534023017,1,1,1,0.0003916922294511611,-0.0,0.00791041427222016,0.006937799043062201
all_A_click_plain_a0.5_G256_J0.1,all,A,click,plain,0.5,256,0.1,1.6,400000,32,508.45182037353516,0.0,0.06149811964471594,0.8636896231084689,0.001940073338443964,44.02453568096668,55.0,53,58,74.5,0.1702178444150801,0.48235995977374585,0.005187530302186678,1.0844178902589523e-05,0.004852691529553685,1.0642669442420928e-05,0.004839058073751429,0.004866201500621984,0.00012937159335211276,0.005186160888671875,1.0,0.2839030330621982,0.0508210940404978,0.04827088973909513,0.018957457268204775,0.022766351679576247,57,57,61,0.8687690298149751,0.864879311063754,0.0051607211526737105,0.0048403425304106625
all_A_click_plain_a1_G256_J0.1,all,A,click,plain,1.0,256,0.1,0.1,400000,32,505.5623984336853,0.0,0.03133413041707392,0.952982227153166,0.0011599246161104323,65.10533016542611,78.0,76,80,80.0,0.1121451975562958,0.11214519755629569,0.004440575387755368,8.777775967549836e-06,0.004309341320323151,9.829192013019929e-06,0.0042971273292632456,0.004323248772266126,9.730125836749187e-05,0.00444118408203125,1.0,0.20845591608222647,0.03723302179677805,0.03725783120977133,0.010812828754783867,0.011158392499948567,79,78,80,0.9553017375345472,0.954831459536062,0.004423760908731718,0.004297516097701775
all_A_click_plain_a2_G256_J0.1,all,A,click,plain,2.0,256,0.1,0.000390625,400000,32,515.6912095546722,0.0,0.020054491907951496,0.9889874738310382,0.000289670242979323,76.23115652392127,80.0,80,80,80.0,0.04908436269694842,0.163797854301571,0.003924174344265764,5.230879061164283e-06,0.0039062006217460642,5.830327514299561e-06,0.003899760459737309,0.003913287712112931,8.201339944673635e-05,0.0039255810546875,1.0,0.16438687483616132,0.027409990224063138,0.02740999023068249,0.0048934957641880985,0.004893495731867308,80,80,80,0.9893307359480633,0.9893307359417245,0.003920490786759023,0.003903686898257378
all_A_ctr_plain_a0_G16_J0.1,all,A,ctr,plain,0.0,16,0.1,1.6,100000,100,49.330079793930054,1.0,0.9976795289761593,0.005980706665279967,0.0001252732752354921,1.0265542099658564,1.0,1,1,2.0,0.00464071923730913,1.9376933999208574,0.007902222859964616,1.4905324607583946e-07,0.006931010454204323,1.4385057507403116e-07,0.006930837700322276,0.006931191608261413,0.0009057056308225998,0.007902214227509207,0.19999999999999996,0.998066859577425,0.00464071923730913,0.00012304893184345207,1.7284955210332513e-05,0.00464071923730894,1,1,1,0.005966612134113753,-0.0,0.007902230033929489,0.006937799043062201
all_A_click_grpo_a0_G16_J0.1,all,A,click,grpo,0.0,16,0.1,1.6,100000,100,122.08534598350525,1.0,0.9973982239099243,0.01040784776880942,0.0195262955244627,1.0514252446004884,1.0,1,3,4.0,0.8160974274428697,1.9376187984644395,0.007476306899825178,0.0005684062665341557,0.005938678626411978,0.0014079225185590024,0.0038815553690207645,0.0069325502815563884,0.0008230774939721479,0.00746514999999983,0.12999999999999998,0.6685036444346033,0.8160974274428697,0.8123278164763283,0.8114711614526174,0.8160974274428698,1,1,1,0.005966612134113753,-0.0,0.007902230033929489,0.006937799043062201
all_A_ctr_plain_a0.5_G16_J0.1,all,A,ctr,plain,0.5,16,0.1,0.4,1000000,32,329.6625978946686,0.0,0.16090012710094112,0.6071161954803239,0.0018089667843524282,14.302448674901362,19.0,18,19,48.0,1.0581348544090436,1.3301034348343936,0.0063544320240018805,4.993847910467329e-06,0.005620616882275791,1.514660398835066e-05,0.005603264205745894,0.005641802008409141,0.00023719794261936735,0.006354408067948525,0.8,0.4237228001961909,0.09516648581421766,0.013494017274931507,0.0034829434208216476,0.09508950322928333,19,19,19,0.607824697978733,0.6166384882383027,0.006352792336175489,0.005608934701897508
all_A_click_grpo_a0.5_G16_J0.1,all,A,click,grpo,0.5,16,0.1,0.4,1000000,32,373.45894050598145,0.0,0.17562906126349787,0.5865108122762683,0.01327487754027964,13.089224934916812,17.0,14,20,44.0,1.1097825697621433,1.3737044744212845,0.0064102378527243625,3.9642517375265986e-05,0.005620013396637615,9.936033077033586e-05,0.005515321005153011,0.005749193467432049,0.00024958783912004743,0.0064103828125,0.73125,0.4305549553078153,0.19604099577367973,0.1480224775386934,0.06014503879555225,0.11362107807242529,17,19,19,0.5922736943391713,0.6093311393726417,0.006395873961934708,0.005617949229977302
all_A_ctr_plain_a1_G16_J0.1,all,A,ctr,plain,1.0,16,0.1,0.1,1000000,32,281.6720051765442,0.0,0.09847203419450218,0.7154983988711201,0.0007037811934095234,22.99640265261786,30.0,28,30,79.0,1.028666801111784,1.0286668011117839,0.005931187228648696,2.016088588840065e-06,0.0053672834302896455,3.2578228936658512e-06,0.005363961815185745,0.005371049465573946,0.000183806978554884,0.005931314634490634,0.8,0.3679475090825356,0.043294151566737105,0.0079662220524813,0.0015250778673822276,0.04178777584926989,30,28,30,0.7155406810530911,0.7090327020868514,0.005930845884695052,0.0053777891507132474
all_A_click_grpo_a1_G16_J0.1,all,A,click,grpo,1.0,16,0.1,0.1,1000000,32,883.6510210037231,0.0,0.10530011645380849,0.6995057574843219,0.007761533686826328,21.45222949892476,27.0,25,32,77.0,1.085973608917759,1.085973608917759,0.0059879078688129545,3.216212549963475e-05,0.00542105280904222,6.622907804182155e-05,0.00533179566445335,0.0054963553571745535,0.00019190700712389604,0.0059920390625,0.85625,0.37882665675463023,0.16598196025374845,0.14753825053171762,0.05657500647285828,0.08208468690309795,28,27,27,0.7067252575737859,0.6997214436089821,0.005969482174526759,0.005403676910545256
all_A_ctr_plain_a2_G16_J0.1,all,A,ctr,plain,2.0,16,0.1,0.00625,1000000,32,858.4522180557251,0.0,0.0709772100646788,0.779126326251108,0.0002998261312903933,30.39120254979289,37.0,37,38,80.0,1.0098631652603212,0.823275042157797,0.005624381856222292,1.3280477028563326e-06,0.005168035513767393,2.7773528955946593e-06,0.00516367281466382,0.005171318213316564,0.00015635139739305715,0.005624369226187187,1.0,0.3265592740644728,0.03574693700562088,0.006567855529454374,0.0010823094146344557,0.03385682608441113,37,33,35,0.7791135408705179,0.7644134297629603,0.005624467846099305,0.005194604088199633
all_A_click_grpo_a2_G16_J0.1,all,A,click,grpo,2.0,16,0.1,0.00625,1000000,32,992.2282276153564,0.0,0.07635902988339255,0.7653871711860525,0.006299914975720618,28.626369988852133,35.5,33,39,80.0,1.0644530761271918,0.8850812986206256,0.005680001488158795,2.6449880929671753e-05,0.005216642760622934,5.579301507672412e-05,0.0051696001230804025,0.005281676612373147,0.00016275794346999449,0.0056696796875,0.95,0.33506264892585663,0.1617544400642996,0.14514171308458937,0.043636709682037846,0.0692180929247605,36,33,33,0.7720129726619182,0.7581954488100433,0.005663757657654126,0.005216696577530027
all_A_ctr_plain_a0_G64_J0.1,all,A,ctr,plain,0.0,64,0.1,6.4,100000,100,79.70275211334229,1.0,0.9995019752845568,0.0014625594384386114,2.5612150425045997e-05,1.006429562174435,1.0,1,1,1.0,0.0009988103068676616,1.9413353088512983,0.007909002214610526,2.6864563201118556e-08,0.006936336930199632,2.5987208760527686e-08,0.00693630142683705,0.0069363655985076175,0.0009073586894387025,0.007909001304586568,0.19999999999999996,0.9995836466902973,0.0009988103068676616,2.3729268811487195e-05,2.498742233589621e-06,0.0009988103068673672,1,1,1,0.0014607972600239973,-0.0,0.007909002598615643,0.006937799043062201
all_A_click_grpo_a0_G64_J0.1,all,A,click,grpo,0.0,64,0.1,6.4,100000,100,257.67834877967834,1.0,0.9994104146739176,0.0032524949938975496,0.013301494051410902,1.0164574912866275,1.0,1,2,1.0,0.9004968788145454,1.9442073648470728,0.007384478141955548,0.0006585723157329438,0.005863712507486609,0.0013257644383967316,0.0038810649514149317,0.006936609642615067,0.0008221541633900756,0.007392543749999896,0.10999999999999999,0.6397849830131012,0.9004968788145454,0.8996793335806464,0.8994996972183866,0.9004968788145452,1,1,1,0.0014607972600239973,-0.0,0.007909002598615643,0.006937799043062201
all_A_ctr_plain_a0.5_G64_J0.1,all,A,ctr,plain,0.5,64,0.1,0.8,1000000,32,484.4587380886078,0.0,0.08326000325499863,0.780017997339761,0.0002246784394618516,30.510171645854548,39.0,39,39,50.0,0.46212823172561407,0.7826341515659219,0.005646483883252399,9.628082149454167e-07,0.005176327945412269,1.5060441870683631e-06,0.005174033731129746,0.005177916462211217,0.00015794045481963716,0.005646519162257835,1.0,0.33336582564948614,0.012956988621809346,0.003424458855173893,0.0005632548660045015,0.011822049137945555,39,39,39,0.7800712181329064,0.7770343876462854,0.0056463174722470475,0.005174003327736086
all_A_click_grpo_a0.5_G64_J0.1,all,A,click,grpo,0.5,64,0.1,0.8,1000000,32,667.5907402038574,0.0,0.08707691076177626,0.7682795643534457,0.0039726571938489795,28.98485061311265,36.0,33,40,50.0,0.5085025388525795,0.8260132433788261,0.00569754230642759,1.592502220172111e-05,0.005202286225335516,2.6071056716282585e-05,0.0051734534395430805,0.005235492510278981,0.00016227848869064112,0.0056983984375,0.9750000000000001,0.3372256812538575,0.08716397643838723,0.07990780206545284,0.04151468276148626,0.05229410320588554,39,39,39,0.7783531310287439,0.7757312362944351,0.005654327909407456,0.005179069905646606
all_A_ctr_plain_a1_G64_J0.1,all,A,ctr,plain,1.0,64,0.1,0.1,1000000,32,491.0733222961426,0.0,0.047752574856427726,0.8591987514853443,0.00011344787901804025,43.165084404047704,48.0,48,49,74.0,0.49826000663930986,0.4982600066393098,0.0051371708308801615,6.118589887679564e-07,0.0048351667942220355,7.336261270806272e-07,0.0048342888795862024,0.00483595005608795,0.00012499026171279006,0.005137222875075092,1.0,0.2744180490251435,0.01370490572337893,0.002204503814950397,0.00044866552847440633,0.013675928998546152,48,49,50,0.8592151920365934,0.8519464410848229,0.005137059946462318,0.00484746050248903
all_A_click_grpo_a1_G64_J0.1,all,A,click,grpo,1.0,64,0.1,0.1,1000000,32,636.0532832145691,0.0,0.04924670146057884,0.8539291005692689,0.0025025106073795233,42.18227777637391,48.0,45,51,72.0,0.5217577732764545,0.5217577732764545,0.005170178368392108,1.3933552555459621e-05,0.0048584887964815094,1.3367119775870194e-05,0.004840215167667009,0.004873560651624013,0.00012691732503397228,0.005174828125,1.0,0.2784246830113539,0.06357988189780528,0.05844457665327684,0.021649503070049547,0.030608232745370993,48,48,49,0.8579428076218354,0.8507848513894619,0.005145550048456349,0.004852680208449415
all_A_ctr_plain_a2_G64_J0.1,all,A,ctr,plain,2.0,64,0.1,0.0015625,1000000,32,520.5156698226929,0.0,0.03343418620285939,0.9139439638717839,6.863902730342998e-05,54.86780998711488,62.0,62,62,80.0,0.4768502527941522,0.2860535505893994,0.004727401173302058,4.568857870544212e-07,0.004536389132013222,5.094607958875774e-07,0.0045356976403603715,0.004537004037433295,0.00010700167731202842,0.004727482174620311,1.0,0.23177178057576542,0.012328603036815771,0.0020970550620958294,0.0004148108181438705,0.012304324765698564,62,61,63,0.9139574100263057,0.9080436804177577,0.00472726474204755,0.004547184906761399
all_A_click_grpo_a2_G64_J0.1,all,A,click,grpo,2.0,64,0.1,0.0015625,1000000,32,651.6190226078033,0.0,0.03404857271547557,0.9102488423725353,0.0016956490218519322,53.98802726397375,62.0,59,64,80.0,0.4956671010607145,0.3047604652154008,0.004754034619091219,1.2186161835395767e-05,0.004555329141778248,1.6272249360959537e-05,0.004532897008747636,0.004575118769618463,0.00010817692248279998,0.004758853515625,1.0,0.23458486177023674,0.05996632130505365,0.05498366263731096,0.014051314594190109,0.022087885732901387,62,61,63,0.912619829304676,0.9065712477899924,0.00473831714004365,0.004555417109821668
all_A_click_plain_a0_G64_J0.025,all,A,click,plain,0.0,64,0.025,1.6,400000,50,561.3832433223724,1.0,0.9994587252444544,0.0019126509229607427,0.0010790316285955654,1.0084278431442046,1.0,1,2,1.0,0.28095469495250996,1.9419861931553748,0.007759713076238325,0.00040503978828944955,0.006579428584924859,0.0009364660110911206,0.005142866878324975,0.006936482166951161,0.0008795924963901586,0.007760365624999912,0.176,0.8795812891237829,,,,,,,,,,,
all_A_click_plain_a0_G64_J0.05,all,A,click,plain,0.0,64,0.05,3.2,200000,100,475.7787775993347,1.0,0.9994651210363332,0.0018991682690130017,0.002431833143955996,1.0084161319697977,1.0,1,2,1.0,0.4004585639387861,1.9422064458138513,0.007712017611557508,0.0004208125450286472,0.0064173930544567685,0.0011056661084781906,0.0038815573019599656,0.006936616705072845,0.0008668114465935718,0.007710637499999912,0.16199999999999995,0.8398343147137988,,,,,,,,,,,
all_A_click_plain_a0_G64_J0.2,all,A,click,plain,0.0,64,0.2,12.8,100000,100,212.3397605419159,1.0,0.9996688504777047,0.0012132523781637203,0.000850689255698918,1.0053376691667915,1.0,1,1,1.0,1.2401302907716576,1.9483848415140073,0.006962330312148713,0.0008670770570768576,0.0056263484769965375,0.001308245541147862,0.0038809463546895123,0.006937295058302638,0.0008043782106254192,0.00696801874999978,0.07800000000000001,0.4999410178739211,,,,,,,,,,,
all_A_click_plain_a0_G64_J0.4,all,A,click,plain,0.0,64,0.4,25.6,100000,100,189.95456504821777,1.0,0.9998571974052325,0.0005784186501851534,0.0004558857558059272,1.0025398658498497,1.0,1,1,1.0,1.420040809113799,1.951197666498159,0.0066412337354558384,0.0009524385053559696,0.005809643958855395,0.0017528211158600725,0.0038808115312219996,0.008410447312587088,0.0008146909648130581,0.006640724999999767,0.08,0.5099592893735044,,,,,,,,,,,
all_A_click_plain_a0_G16_J0.025,all,A,click,plain,0.0,16,0.025,0.4,400000,50,254.0635223388672,1.0,0.9975765690930731,0.006774533899924016,0.0024205369493205697,1.0301898837867463,1.0,1,2,2.0,0.36359418846465175,1.9379647957383062,0.007745072606913202,0.00034485473911107173,0.006425107056963943,0.0011163769788066647,0.0038827118334042515,0.00693170722644028,0.0008655298487578336,0.007738487500003505,0.17199999999999996,0.8384423119888388,,,,,,,,,,,
all_A_click_plain_a0_G16_J0.05,all,A,click,plain,0.0,16,0.05,0.8,200000,100,192.77641248703003,1.0,0.9977070418529171,0.007134001134688193,0.004637826600470691,1.0319774234626002,1.0,1,2,2.0,0.5826038125466122,1.9382976554802815,0.007622241972877676,0.00048135750634378056,0.006125330870864944,0.0013046903397750133,0.003881957126925029,0.006932446768858721,0.000841455626370793,0.007632287500000078,0.14399999999999996,0.7290389176210819,,,,,,,,,,,
all_A_click_plain_a0_G16_J0.2,all,A,click,plain,0.0,16,0.2,3.2,100000,100,88.74438071250916,1.0,0.9987150419682291,0.004644497564616976,0.003792636832973318,1.02070410857347,1.0,1,3,2.0,1.0211256106822648,1.944401144296289,0.007088109565807609,0.0008769523438003473,0.006152801589983416,0.0014686499843508752,0.0038819211525244804,0.006935798723843497,0.0008419572145226298,0.007084174999999716,0.11599999999999998,0.6593507401058709,,,,,,,,,,,
all_B_click_plain_a0_G64_J0.1,all,B,click,plain,0.0,64,0.1,6.4,100000,100,180.24849462509155,1.0,0.9996437082870454,0.002638604634299333,0.014727463374741765,1.0142639939385185,1.0,1,2,1.0,0.634016500827925,1.932054736250634,0.009332778904365364,0.0005914807068270435,0.005705583158211541,0.0003749229821737345,0.00506934224097769,0.005880332461060545,0.0008302297622197585,0.009331468750000124,0.002,0.6930426055699465,0.634016500827925,0.6334643052374497,0.6333378694555376,0.6340165008279248,1,1,1,0.001024202410619048,-0.0,0.009718554248294068,0.005880880880880881
all_B_click_plain_a0.5_G64_J0.1,all,B,click,plain,0.5,64,0.1,0.8,1000000,32,1114.8249378204346,0.0,0.12161047545399548,0.7165600520430411,0.0037332314072308793,23.10661749044755,29.5,28,31,44.0,0.5402844374422483,0.9191188694553762,0.006619744347472614,2.040673328188573e-05,0.005114873733956599,1.2249706899915981e-05,0.005100406550335373,0.005131911561458834,0.00018673082503395635,0.0066136484375,0.96875,0.3777232448039958,0.06826275190496352,0.06351288168392663,0.032314557058098714,0.039425467169740505,30,31,31,0.7251444996494378,0.7205261576324722,0.00656458131703699,0.005112484900318085
all_B_click_plain_a1_G64_J0.1,all,B,click,plain,1.0,64,0.1,0.1,1000000,32,1112.2813653945923,0.0,0.061485019725981346,0.835264977648322,0.0034289609491666103,38.871688733109366,50.0,48,54,75.0,0.5969641158963769,0.5969641158963769,0.005693935763378878,2.0584386337819935e-05,0.004810961250771793,1.5638824638471473e-05,0.004791631027084904,0.00483553749758985,0.000135071046669933,0.005693451171875,1.0,0.3148088955018154,0.06897536083231252,0.06368997913775022,0.029180736371689414,0.03875925428712775,52,52,52,0.84280208580598,0.8367428480534782,0.005647464058223026,0.004799455192527261
all_B_click_plain_a2_G64_J0.1,all,B,click,plain,2.0,64,0.1,0.0015625,1000000,32,1150.9377768039703,0.0,0.03893453419885671,0.9119496243258802,0.001740705380594091,54.39197594011294,65.0,63,68,80.0,0.49800000749188644,0.2967960913220223,0.005010002732325794,1.2701907543976143e-05,0.004446022521510322,1.1669143226773777e-05,0.004433019619672673,0.0044620274575280375,0.00010870052689627212,0.00501302734375,1.0,0.25147445880978325,0.06285737832632587,0.05810235754494752,0.017511767987555375,0.026306998002222158,65,62,66,0.9148062044861353,0.90817708884731,0.004989000025436332,0.004445808173939874
all_A_click_plain_a0.25_G16_J0.05,all,A,click,plain,0.25,16,0.05,0.4,2000000,16,978.0447065830231,0.0,0.3242661551887893,0.471729101203586,0.023752514144574702,7.943717536418288,11.5,8,13,33.0,0.9019137022802477,1.519473183543138,0.006841172276032346,4.831636571726612e-05,0.005712307636010104,0.000114151072710858,0.005544676989732116,0.005843405100396971,0.0003529073531347879,0.006835921875,0.45,0.5253316314111085,0.23951257636773493,0.2165079035253673,0.13607141184428778,0.14834888142917818,12,13,13,0.5039631653389083,0.5080019329822388,0.006764188778856979,0.005683501324171568
men_A_click_plain_a0_G16_J0.1,men,A,click,plain,0.0,16,0.1,1.6,100000,100,79.94373035430908,1.0,0.9981417280631746,0.006755332058090853,0.003266970466410049,1.024176340171726,1.0,1,3,4.0,0.48238036524704286,1.8859590344100645,0.009438172921047506,0.0006298547220512772,0.005596957403196346,0.0002952085009594807,0.005538474965477141,0.005606948668698075,0.0009075789170009353,0.009423024999999844,0.006000000000000001,0.030592081122383843,0.48238036524704286,0.47952158367796166,0.47867444672046333,0.48238036524704253,1,1,1,0.00560737413633482,-0.0,0.009765957573542861,0.0055389221556886225
men_A_click_plain_a0.5_G16_J0.1,men,A,click,plain,0.5,16,0.1,0.4,1000000,32,552.6731896400452,0.0,0.22262454981261212,0.658077228367357,0.013894119834774439,10.194236765020046,16.0,14,19,34.0,0.8304874039792118,1.0840742807455093,0.007776339059077234,4.947326607430459e-05,0.005837620632102861,4.5235491444982985e-05,0.005783585190955165,0.005896618628025544,0.00032711227296039334,0.0077746953125,0.46875,0.3863694960830792,0.1375233443207457,0.12889965244803303,0.0735027961726357,0.08761323944368915,17,16,16,0.686451465678052,0.6792975228527027,0.007681159769078773,0.005783431853245559
men_A_click_plain_a1_G16_J0.1,men,A,click,plain,1.0,16,0.1,0.1,1000000,32,405.488933801651,0.0,0.13032172414737075,0.7974619658823862,0.007674257906087704,16.651572706800092,22.5,20,27,34.0,0.711955568931381,0.711955568931381,0.007043991262877174,3.499885896969505e-05,0.005643145693264745,4.117554025786886e-05,0.005580145734746794,0.005680230214910305,0.0002472302974870845,0.0070504765625,0.7812500000000001,0.36046357892592845,0.09515678931410368,0.08746643580363943,0.029343210729108025,0.045416741030323615,24,20,20,0.8046007997351006,0.7914015679785622,0.007009887921031698,0.005671920916372046
men_A_click_plain_a2_G16_J0.1,men,A,click,plain,2.0,16,0.1,0.00625,1000000,32,464.54220151901245,0.0,0.09307175924666042,0.8768160806277487,0.005088194803049998,22.023950572023246,30.0,26,33,34.0,0.6181641822619385,0.48549917467867865,0.006556843246301741,2.5259623548546466e-05,0.005577753691162847,5.056752431768168e-05,0.005525103168526353,0.005649887809494242,0.00021044146916432025,0.0065635078125,0.91875,0.35051767955529956,0.09589931131326337,0.08738602454282637,0.021985676420050074,0.03688154040703011,32,25,25,0.8807045335604886,0.8674592151041874,0.006537877284036106,0.005589455171403557
men_A_click_plain_a0_G64_J0.1,men,A,click,plain,0.0,64,0.1,6.4,100000,100,116.98607850074768,1.0,0.9995407665062747,0.001643792535500085,0.0005584882692141336,1.0058153908785077,1.0,1,1,1.0,0.42065002588230394,1.8889383118212313,0.00951272152891448,0.0005260975719181213,0.005579298353781351,0.0002661019620570965,0.005538803422251857,0.005607342887104992,0.0009070358032102162,0.009517531250000062,0.002,0.01014694420743138,0.42065002588230394,0.4200049983413826,0.4197820254344514,0.42065002588230416,1,1,1,0.001492107660430891,-0.0,0.009771793718392366,0.0055389221556886225
men_A_click_plain_a0.5_G64_J0.1,men,A,click,plain,0.5,64,0.1,0.8,1000000,32,900.8699321746826,0.0,0.12821607728741957,0.8483276958042777,0.004120315522793866,19.917824797223062,27.0,25,30,34.0,0.29474224078055294,0.5439769860355177,0.00682752919648903,2.1285911959236565e-05,0.005618046826022963,1.7879812747789113e-05,0.005600361829978076,0.0056381945588444594,0.0002287067087039091,0.006831572265625,0.8250000000000001,0.34727837625461916,0.05428927613655614,0.053224275513968945,0.02895077284761238,0.03160354912046886,28,27,28,0.8574935088287291,0.8525244883014566,0.00677509637087975,0.005613653805786832
men_A_click_plain_a1_G64_J0.1,men,A,click,plain,1.0,64,0.1,0.1,1000000,32,941.9134979248047,0.0,0.06782387410245502,0.960239312566445,0.0017394189827037538,29.55251337098393,34.0,33,34,34.0,0.16467351976226957,0.16467351976226965,0.005965147601059487,1.3947864925731658e-05,0.005427385153848651,1.299329610115159e-05,0.005412744875539045,0.005436740664499537,0.00017637505024884566,0.00596594921875,1.0,0.3298786879593687,0.034709130067179114,0.03470913161172255,0.01634370526643597,0.016343701919580133,34,34,34,0.9636615025482921,0.9636615011373789,0.005935094637442511,0.005417609852599538
men_A_click_plain_a2_G64_J0.1,men,A,click,plain,2.0,64,0.1,0.0015625,1000000,32,826.0792117118835,0.0,0.04781548443766512,0.9892332547134781,0.0005438076925158247,32.73336641708374,34.0,34,34,34.0,0.09542393231346637,0.056810648927650045,0.005542189095709013,9.825042432534122e-06,0.005311532824827655,9.330299856623481e-06,0.005298138149018354,0.0053228200832209,0.00015989675555111427,0.005542744140625,1.0,0.3134286987065345,0.023290456840641387,0.023290456840643167,0.005588580654143057,0.00558858065413983,34,34,34,0.9897515248324473,0.9897515248324475,0.005534213227279602,0.005310436822360777
women_A_click_plain_a0_G16_J0.1,women,A,click,plain,0.0,16,0.1,1.6,100000,100,62.31810116767883,1.0,0.998289885415041,0.011322759308613055,0.03147394041558408,1.0538599440447833,1.0,1,6,2.0,0.2437528217769171,1.902640674922667,0.009839463222507448,0.0007302840256146341,0.005449991838736719,0.00037417797728780565,0.0053606012132517205,0.005698095095166208,0.0007588273687555942,0.009801524999999789,0.004,0.03805674089589958,0.2437528217769171,0.24124893852903348,0.2405958826126595,0.24375282177691734,1,1,1,0.004613808978226254,-0.0,0.010112243121310842,0.005361050328227571
women_A_click_plain_a0.5_G16_J0.1,women,A,click,plain,0.5,16,0.1,0.4,1000000,32,526.4037480354309,0.0,0.22902980368263898,0.6373286310436093,0.012770985068988265,11.487868521378672,17.5,14,22,44.0,0.9108999483995159,1.1620373860834907,0.007740948683622488,4.99571408591084e-05,0.005821522532070356,6.633916606623681e-05,0.00574635819564273,0.005905602413923213,0.00026317808118945304,0.0077581328125,0.6687500000000001,0.3791109589856092,0.13880612716392032,0.12789357111636523,0.055778379493889765,0.07351081140854426,18,17,17,0.6503764323190905,0.6432396676845045,0.0076831799188271915,0.005868652146799924
women_A_click_plain_a1_G16_J0.1,women,A,click,plain,1.0,16,0.1,0.1,1000000,32,420.653603553772,0.0,0.12819565713116082,0.7742290248409387,0.00790630128048287,19.38886686316748,27.0,24,29,46.0,0.8287803329335581,0.8287803329335581,0.006995750475942194,3.268622805354507e-05,0.005917001064055553,5.409846892640353e-05,0.005854784572147393,0.00598193538660224,0.00019781027815757968,0.0069819375,0.99375,0.4221184533649573,0.131987692095753,0.12343264613093204,0.0466827768126873,0.059421282091684506,27,25,25,0.7858950763511142,0.7762781774750489,0.006955441328238039,0.005922048019711366
women_A_click_plain_a2_G16_J0.1,women,A,click,plain,2.0,16,0.1,0.00625,1000000,32,501.1482789516449,0.0,0.08911326839515082,0.8459101043814921,0.00565439363457767,25.50619484510836,32.0,29,36,46.0,0.737340989044064,0.596351530019583,0.006543993578484841,2.921916550178237e-05,0.005847192301439866,3.834423099711987e-05,0.005800647255713259,0.005882485913895318,0.0001685919684482961,0.0065426328125,1.0,0.39756023452749645,0.10677257899344458,0.09772872347969724,0.030270952271102214,0.045245138639441886,32,29,29,0.8493484546654047,0.8362604405283904,0.0065247903452021645,0.005872621118449254
women_A_click_plain_a0_G64_J0.1,women,A,click,plain,0.0,64,0.1,6.4,100000,100,121.4315857887268,1.0,0.9996306525193415,0.002229675154086222,0.008597419174424912,1.0091833648916937,1.0,1,2,1.0,0.24257578119630385,1.9085465751059096,0.009856546394270943,0.0007131364741380952,0.005484776764066823,0.0004286284469931775,0.005360951726852182,0.005860281674134963,0.0007670653176827272,0.009851356250000031,0.004,0.04009646226949329,0.24257578119630385,0.24201241507665053,0.2418405015529213,0.242575781196304,1,1,1,0.0012145721210314244,-0.0,0.010118177354413154,0.005361050328227571
women_A_click_plain_a0.5_G64_J0.1,women,A,click,plain,0.5,64,0.1,0.8,1000000,32,778.3631970882416,0.0,0.12225398309150971,0.8270091847714001,0.003498645196436025,23.72220036983008,31.0,28,33,43.0,0.3558333879714993,0.6174504737883346,0.006747317503951491,1.8127767260043824e-05,0.005853083337358582,1.4955573669232545e-05,0.005837685330773547,0.005872967703276932,0.00017912784139084698,0.00674694921875,1.0,0.3873859673599058,0.06284525934612026,0.0606304606638374,0.027189956634095142,0.031148237176042603,31,31,32,0.8343994205696443,0.8300855116468344,0.006702988930506434,0.005854099979121517
women_A_click_plain_a1_G64_J0.1,women,A,click,plain,1.0,64,0.1,0.1,1000000,32,811.5077152252197,0.0,0.06262976730809428,0.9297233057776251,0.0026408867027584446,35.15012460311327,42.0,41,44,46.0,0.2774734984815367,0.2774734984815367,0.00595903423547465,1.6912792165855333e-05,0.0056144248212633835,1.864279205211035e-05,0.0055914867502822605,0.005634351318676631,0.00013995454412148758,0.005960564453125,1.0,0.3356216963443739,0.04630419199460696,0.04542566007312115,0.01605760832755803,0.017893851550703756,43,42,43,0.9336504553245479,0.9313888233822272,0.005931293287634384,0.00560292726525855
women_A_click_plain_a2_G64_J0.1,women,A,click,plain,2.0,64,0.1,0.0015625,1000000,32,917.1218733787537,0.0,0.042183622521662544,0.9758012027410501,0.0012797201040561461,41.93013861441807,46.0,45,46,46.0,0.18996827520236118,0.07364791156164448,0.0054689329465941955,1.2168953566147443e-05,0.005338967735225505,1.3817355325319715e-05,0.005325192791614732,0.00535465352110612,0.00012261838922397313,0.00546850390625,1.0,0.2893733138523984,0.03481055470785452,0.034812915028421286,0.010616038677019678,0.010610688373342598,46,46,46,0.9777219572330244,0.9777195787350392,0.005449920374199998,0.0053237874581412385
