tag,campaign,split,variant,alpha,G,J,T,kept_replay_seedmean,kept_replay_median_seed,kept_mf_T,kept_mf_inf,support_mf_inf,agree_replay_vs_mf_T,agree_replay_vs_mf_inf,l1_replay_vs_mf_T,l1_replay_vs_mf_inf,l1_mf_T_vs_mf_inf,l1_noise_floor,mass_on_doomed_replay,mass_on_doomed_mf_T,spearman_replay_vs_mf_T,rk4_doubling_err
all_A_click_plain_a0.25_G16_J0.1,all,A,plain,0.25,16,0.1,1000000,13,10.0,12,13,13,0.9875,1.0,0.22824030071902368,0.24827944925777584,0.05302391778066465,0.03925217107969581,0.006867180468787004,0.005397390837353324,0.9946788560712613,3.1795086925299305e-06
all_A_click_plain_a0.5_G16_J0.1,all,A,plain,0.5,16,0.1,1000000,21,19.0,19,19,19,0.975,0.975,0.046374857181152036,0.0936591102534978,0.09227718900675089,0.028140960474989683,0.013473903163418411,0.009500493262277572,0.9972808251289264,1.6794830058630292e-05
all_A_click_plain_a0.75_G16_J0.1,all,A,plain,0.75,16,0.1,1000000,28,24.5,24,24,24,0.95,0.95,0.06684174234194917,0.09630405029124427,0.054915900990462396,0.02747011715918357,0.01596260237933946,0.01194526945454364,0.9969995311767464,4.024264143666901e-06
all_A_click_plain_a1_G16_J0.1,all,A,plain,1.0,16,0.1,1000000,30,28.5,30,28,30,1.0,0.975,0.04972089113879607,0.07439134239696608,0.041558030277475136,0.027000477804483836,0.011845276339315425,0.0107883973055267,0.9980543834974215,4.747022349883189e-06
all_A_click_plain_a1.5_G16_J0.1,all,A,plain,1.5,16,0.1,1000000,33,33.0,33,33,33,1.0,1.0,0.04652698809410062,0.06991009324129357,0.0317225629088988,0.02361501436662514,0.014846333522130755,0.013217102973910232,0.9979840600093767,4.68902506147031e-06
all_A_click_plain_a2_G16_J0.1,all,A,plain,2.0,16,0.1,1000000,39,37.0,37,33,35,0.975,0.925,0.04130679152594445,0.06339879762701048,0.03378101467100822,0.01962732283186662,0.018897631321513016,0.014980662578096599,0.9988513830285983,4.297592098062233e-06
all_A_click_plain_a3_G16_J0.1,all,A,plain,3.0,16,0.1,1000000,42,39.0,41,39,39,0.9875,0.9625,0.02968967876454727,0.05073732654592221,0.029104687620015626,0.02096767081764498,0.01584960889905819,0.013709927396846225,0.9987107360525083,4.528716700850612e-06
all_A_click_plain_a0.25_G64_J0.1,all,A,plain,0.25,64,0.1,1000000,25,22.0,23,25,26,0.975,1.0,0.06072641847879433,0.07187881200939113,0.01599806146203483,0.013618392560307134,0.0035731029392430847,0.003031763300758629,0.9982887951242382,2.062373759650584e-06
all_A_click_plain_a0.5_G64_J0.1,all,A,plain,0.5,64,0.1,1000000,39,36.5,39,39,39,1.0,1.0,0.03661835176866933,0.047493839983148545,0.011621113154557031,0.011295457307457544,0.0048849732351557845,0.00428410424307521,0.9991092358180966,1.6438151612257424e-06
all_A_click_plain_a0.75_G64_J0.1,all,A,plain,0.75,64,0.1,1000000,44,44.0,44,44,45,1.0,1.0,0.024739713451985446,0.03204714463996628,0.010320039505000291,0.011256846432032196,0.005739131701421759,0.0051179480163312035,0.9985700890764184,1.4614826088175993e-06
all_A_click_plain_a1_G64_J0.1,all,A,plain,1.0,64,0.1,1000000,49,48.0,48,49,50,0.9875,1.0,0.019264651647930005,0.027904031886845496,0.013647913325941199,0.010426383857496339,0.006524854453012472,0.006211126203408877,0.9993202062822316,1.6639146148295791e-06
all_A_click_plain_a1.5_G64_J0.1,all,A,plain,1.5,64,0.1,1000000,59,57.5,58,57,60,0.9875,0.975,0.019967114519155973,0.027337787300229198,0.012232781461373778,0.008652779026251348,0.005175717293590403,0.004853215924469993,0.9993670886075949,1.515171998928258e-06
all_A_click_plain_a2_G64_J0.1,all,A,plain,2.0,64,0.1,1000000,62,61.0,62,61,63,1.0,0.9875,0.01632574081545025,0.023281295482062266,0.012279961312653537,0.008488131251469293,0.005479227770472302,0.005302753277887144,0.9994842944210032,1.4962560983749562e-06
all_A_click_plain_a3_G64_J0.1,all,A,plain,3.0,64,0.1,1000000,66,66.0,66,65,67,1.0,0.9875,0.012345275586840398,0.020961791927402208,0.013976238303101952,0.009186875503572157,0.006234636422444869,0.005652350633129057,0.9994608532583216,1.6323205802928897e-06
all_A_click_plain_a0.5_G256_J0.1,all,A,plain,0.5,256,0.1,400000,57,55.0,57,57,61,1.0,1.0,0.018957457268204775,0.022766351679576247,0.007189090282861766,0.00911455411573691,0.002924949390731031,0.0029366883595285448,0.9995546179090483,9.859755770022846e-07
all_A_click_plain_a1_G256_J0.1,all,A,plain,1.0,256,0.1,400000,79,78.0,79,78,80,1.0,0.9875,0.010812828754783867,0.011158392499948567,0.001572338271134771,0.006474388034485579,0.0,0.0,0.9996952648851384,3.077743490157445e-07
all_A_click_plain_a2_G256_J0.1,all,A,plain,2.0,256,0.1,400000,80,80.0,80,80,80,1.0,1.0,0.0048934957641880985,0.004893495731867308,8.540068825724223e-11,0.005155600597942822,0.0,0.0,0.9995077355836851,2.329221884811439e-13
all_A_click_grpo_a0.5_G16_J0.1,all,A,grpo,0.5,16,0.1,1000000,19,17.0,17,19,19,0.975,1.0,0.06014503879555225,0.11362107807242529,0.11217984954972707,0.034909491002119646,0.01032881048111127,0.008341882002937031,0.9974917955930614,2.8542832610759756e-06
all_A_click_grpo_a1_G16_J0.1,all,A,grpo,1.0,16,0.1,1000000,30,27.0,28,27,27,0.975,0.9625,0.05657500647285828,0.08208468690309795,0.04570040586169141,0.025001346134620652,0.017748916437984593,0.013390848253164646,0.9977730895452416,5.8456190583597864e-06
all_A_click_grpo_a2_G16_J0.1,all,A,grpo,2.0,16,0.1,1000000,38,35.5,36,33,33,0.975,0.9375,0.043636709682037846,0.0692180929247605,0.03438452744375921,0.01929425560432881,0.02035211606520896,0.016374063106337294,0.997538677918425,4.863598786855898e-06
all_A_click_grpo_a0.5_G64_J0.1,all,A,grpo,0.5,64,0.1,1000000,38,36.0,39,39,39,0.9875,0.9875,0.04151468276148626,0.05229410320588554,0.012341636963948785,0.011669329297696207,0.0047269697889640565,0.0041983567761045785,0.9990154711673699,1.6112459272396478e-06
all_A_click_grpo_a1_G64_J0.1,all,A,grpo,1.0,64,0.1,1000000,48,48.0,48,48,49,1.0,1.0,0.021649503070049547,0.030608232745370993,0.013470379597561956,0.010199787921941018,0.007543816234547828,0.006637997179579049,0.99929676511955,1.6504495518131196e-06
all_A_click_grpo_a2_G64_J0.1,all,A,grpo,2.0,64,0.1,1000000,63,62.0,62,61,63,0.9875,0.975,0.014051314594190109,0.022087885732901387,0.012562160225102287,0.009498775957925946,0.00566794335278345,0.005138999116741522,0.99929676511955,1.5054604284021173e-06
all_B_click_plain_a0.5_G64_J0.1,all,B,plain,0.5,64,0.1,1000000,30,29.5,30,31,31,1.0,0.9875,0.032314557058098714,0.039425467169740505,0.008017152359524955,0.010915581438696776,0.0043157044531162035,0.00392170514394788,0.9974683544303798,1.2305041283618246e-06
all_B_click_plain_a1_G64_J0.1,all,B,plain,1.0,64,0.1,1000000,52,50.0,52,52,52,1.0,1.0,0.029180736371689414,0.03875925428712775,0.012283160283427193,0.011051498194891068,0.006473851599218807,0.006141580141713663,0.9992498827941865,1.6703246819147253e-06
all_B_click_plain_a2_G64_J0.1,all,B,plain,2.0,64,0.1,1000000,66,65.0,65,62,66,0.9875,0.95,0.017511767987555375,0.026306998002222158,0.01495902529602648,0.009278108083860297,0.006827690941203445,0.006043531269999208,0.9994139709329585,1.695479883974155e-06
all_A_click_plain_a0.25_G16_J0.05,all,A,plain,0.25,16,0.05,2000000,13,11.5,12,13,13,0.9875,1.0,0.13607141184428778,0.14834888142917818,0.05302391778066465,0.04358148138422103,0.0071417859693415475,0.005397390837353324,0.996249413970933,3.1795086925299305e-06
men_A_click_plain_a0.5_G16_J0.1,men,A,plain,0.5,16,0.1,1000000,17,16.0,17,16,16,1.0,0.9705882352941176,0.0735027961726357,0.08761323944368915,0.015827776170802346,0.021586603074607122,0.00784018311125848,0.006445758721569066,0.9914438502673798,3.05132070797665e-06
men_A_click_plain_a1_G16_J0.1,men,A,plain,1.0,16,0.1,1000000,24,22.5,24,20,20,1.0,0.8823529411764706,0.029343210729108025,0.045416741030323615,0.020817519310921233,0.012624290259809797,0.012750187092930996,0.010366288181829659,0.9975553857906798,2.6536866510079474e-06
men_A_click_plain_a2_G16_J0.1,men,A,plain,2.0,16,0.1,1000000,32,30.0,32,25,25,1.0,0.7941176470588235,0.021985676420050074,0.03688154040703011,0.023658544150075126,0.014978212251558484,0.013980170539275102,0.011829272075037495,0.9993888464476698,2.4618637348281696e-06
men_A_click_plain_a0.5_G64_J0.1,men,A,plain,0.5,64,0.1,1000000,28,27.0,28,27,28,1.0,0.9705882352941176,0.02895077284761238,0.03160354912046886,0.007380919172472036,0.00587960511222527,0.0031706448079150368,0.0029438859224300766,1.0,9.478813752779129e-07
men_A_click_plain_a1_G64_J0.1,men,A,plain,1.0,64,0.1,1000000,34,34.0,34,34,34,1.0,1.0,0.01634370526643597,0.016343701919580133,7.121642930756067e-09,0.006821627495725794,0.0,0.0,1.0,1.4116931582042191e-11
men_A_click_plain_a2_G64_J0.1,men,A,plain,2.0,64,0.1,1000000,34,34.0,34,34,34,1.0,1.0,0.005588580654143057,0.00558858065413983,1.0158540675320182e-14,0.004209097291978514,0.0,0.0,0.9993888464476698,1.0935696792557792e-14
women_A_click_plain_a0.5_G16_J0.1,women,A,plain,0.5,16,0.1,1000000,19,17.5,18,17,17,0.9782608695652174,0.9565217391304348,0.055778379493889765,0.07351081140854426,0.023108279385833708,0.01986537805573045,0.010928264051789444,0.008697380217552678,0.9932161578785075,3.430106320741476e-06
women_A_click_plain_a1_G16_J0.1,women,A,plain,1.0,16,0.1,1000000,28,27.0,27,25,25,0.9782608695652174,0.9347826086956522,0.0466827768126873,0.059421282091684506,0.019251617305988945,0.02158657427749613,0.011825242346785935,0.009491511007632866,0.999013259327783,2.634539847192098e-06
women_A_click_plain_a2_G16_J0.1,women,A,plain,2.0,16,0.1,1000000,34,32.0,32,29,29,0.9565217391304348,0.8913043478260869,0.030270952271102214,0.045245138639441886,0.023339272916405158,0.017054692270641745,0.013616296935937746,0.011442667120168127,0.9985198889916743,3.0750551744356653e-06
women_A_click_plain_a0.5_G64_J0.1,women,A,plain,0.5,64,0.1,1000000,32,31.0,31,31,32,0.9782608695652174,0.9782608695652174,0.027189956634095142,0.031148237176042603,0.006893520230686405,0.00908585160159608,0.0036472281400553495,0.0031438080938386475,0.9979031760715386,9.463362420670678e-07
women_A_click_plain_a1_G64_J0.1,women,A,plain,1.0,64,0.1,1000000,43,42.0,43,42,43,1.0,0.9782608695652174,0.01605760832755803,0.017893851550703756,0.004136559138328088,0.007987948650694542,0.0014574466564047323,0.0013099383207094781,0.9998766574159728,5.89174418175653e-07
women_A_click_plain_a2_G64_J0.1,women,A,plain,2.0,64,0.1,1000000,46,46.0,46,46,46,1.0,1.0,0.010616038677019678,0.010610688373342598,1.0695538610079516e-05,0.005421653906185126,0.0,0.0,0.9992599444958371,8.620678853491631e-09
